city,error
Paris,"HTTPSConnectionPool(host='api.pushshift.io', port=443): Max retries exceeded with url: /reddit/search/submission/?q=Paris&after=1514764800&before=1767139200&size=100&sort=desc&sort_type=created_utc (Caused by NewConnectionError(""HTTPSConnection(host='api.pushshift.io', port=443): Failed to establish a new connection: [WinError 10013] Erişim izinlerince izin verilmeyen bir şekilde bir yuvaya erişilmeye çalışıldı""))"
Rome,"HTTPSConnectionPool(host='api.pushshift.io', port=443): Max retries exceeded with url: /reddit/search/submission/?q=Rome&after=1514764800&before=1767139200&size=100&sort=desc&sort_type=created_utc (Caused by NewConnectionError(""HTTPSConnection(host='api.pushshift.io', port=443): Failed to establish a new connection: [WinError 10013] Erişim izinlerince izin verilmeyen bir şekilde bir yuvaya erişilmeye çalışıldı""))"
Barcelona,"HTTPSConnectionPool(host='api.pushshift.io', port=443): Max retries exceeded with url: /reddit/search/submission/?q=Barcelona&after=1514764800&before=1767139200&size=100&sort=desc&sort_type=created_utc (Caused by NewConnectionError(""HTTPSConnection(host='api.pushshift.io', port=443): Failed to establish a new connection: [WinError 10013] Erişim izinlerince izin verilmeyen bir şekilde bir yuvaya erişilmeye çalışıldı""))"
Amsterdam,"HTTPSConnectionPool(host='api.pushshift.io', port=443): Max retries exceeded with url: /reddit/search/submission/?q=Amsterdam&after=1514764800&before=1767139200&size=100&sort=desc&sort_type=created_utc (Caused by NewConnectionError(""HTTPSConnection(host='api.pushshift.io', port=443): Failed to establish a new connection: [WinError 10013] Erişim izinlerince izin verilmeyen bir şekilde bir yuvaya erişilmeye çalışıldı""))"
Prague,"HTTPSConnectionPool(host='api.pushshift.io', port=443): Max retries exceeded with url: /reddit/search/submission/?q=Prague&after=1514764800&before=1767139200&size=100&sort=desc&sort_type=created_utc (Caused by NewConnectionError(""HTTPSConnection(host='api.pushshift.io', port=443): Failed to establish a new connection: [WinError 10013] Erişim izinlerince izin verilmeyen bir şekilde bir yuvaya erişilmeye çalışıldı""))"
Vienna,"HTTPSConnectionPool(host='api.pushshift.io', port=443): Max retries exceeded with url: /reddit/search/submission/?q=Vienna&after=1514764800&before=1767139200&size=100&sort=desc&sort_type=created_utc (Caused by NewConnectionError(""HTTPSConnection(host='api.pushshift.io', port=443): Failed to establish a new connection: [WinError 10013] Erişim izinlerince izin verilmeyen bir şekilde bir yuvaya erişilmeye çalışıldı""))"
Budapest,"HTTPSConnectionPool(host='api.pushshift.io', port=443): Max retries exceeded with url: /reddit/search/submission/?q=Budapest&after=1514764800&before=1767139200&size=100&sort=desc&sort_type=created_utc (Caused by NewConnectionError(""HTTPSConnection(host='api.pushshift.io', port=443): Failed to establish a new connection: [WinError 10013] Erişim izinlerince izin verilmeyen bir şekilde bir yuvaya erişilmeye çalışıldı""))"
Lisbon,"HTTPSConnectionPool(host='api.pushshift.io', port=443): Max retries exceeded with url: /reddit/search/submission/?q=Lisbon&after=1514764800&before=1767139200&size=100&sort=desc&sort_type=created_utc (Caused by NewConnectionError(""HTTPSConnection(host='api.pushshift.io', port=443): Failed to establish a new connection: [WinError 10013] Erişim izinlerince izin verilmeyen bir şekilde bir yuvaya erişilmeye çalışıldı""))"
Berlin,"HTTPSConnectionPool(host='api.pushshift.io', port=443): Max retries exceeded with url: /reddit/search/submission/?q=Berlin&after=1514764800&before=1767139200&size=100&sort=desc&sort_type=created_utc (Caused by NewConnectionError(""HTTPSConnection(host='api.pushshift.io', port=443): Failed to establish a new connection: [WinError 10013] Erişim izinlerince izin verilmeyen bir şekilde bir yuvaya erişilmeye çalışıldı""))"
Athens,"HTTPSConnectionPool(host='api.pushshift.io', port=443): Max retries exceeded with url: /reddit/search/submission/?q=Athens&after=1514764800&before=1767139200&size=100&sort=desc&sort_type=created_utc (Caused by NewConnectionError(""HTTPSConnection(host='api.pushshift.io', port=443): Failed to establish a new connection: [WinError 10013] Erişim izinlerince izin verilmeyen bir şekilde bir yuvaya erişilmeye çalışıldı""))"
London,"HTTPSConnectionPool(host='api.pushshift.io', port=443): Max retries exceeded with url: /reddit/search/submission/?q=London&after=1514764800&before=1767139200&size=100&sort=desc&sort_type=created_utc (Caused by NewConnectionError(""HTTPSConnection(host='api.pushshift.io', port=443): Failed to establish a new connection: [WinError 10013] Erişim izinlerince izin verilmeyen bir şekilde bir yuvaya erişilmeye çalışıldı""))"
Madrid,"HTTPSConnectionPool(host='api.pushshift.io', port=443): Max retries exceeded with url: /reddit/search/submission/?q=Madrid&after=1514764800&before=1767139200&size=100&sort=desc&sort_type=created_utc (Caused by NewConnectionError(""HTTPSConnection(host='api.pushshift.io', port=443): Failed to establish a new connection: [WinError 10013] Erişim izinlerince izin verilmeyen bir şekilde bir yuvaya erişilmeye çalışıldı""))"
Istanbul,"HTTPSConnectionPool(host='api.pushshift.io', port=443): Max retries exceeded with url: /reddit/search/submission/?q=Istanbul&after=1514764800&before=1767139200&size=100&sort=desc&sort_type=created_utc (Caused by NewConnectionError(""HTTPSConnection(host='api.pushshift.io', port=443): Failed to establish a new connection: [WinError 10013] Erişim izinlerince izin verilmeyen bir şekilde bir yuvaya erişilmeye çalışıldı""))"
Copenhagen,"HTTPSConnectionPool(host='api.pushshift.io', port=443): Max retries exceeded with url: /reddit/search/submission/?q=Copenhagen&after=1514764800&before=1767139200&size=100&sort=desc&sort_type=created_utc (Caused by NewConnectionError(""HTTPSConnection(host='api.pushshift.io', port=443): Failed to establish a new connection: [WinError 10013] Erişim izinlerince izin verilmeyen bir şekilde bir yuvaya erişilmeye çalışıldı""))"
Stockholm,"HTTPSConnectionPool(host='api.pushshift.io', port=443): Max retries exceeded with url: /reddit/search/submission/?q=Stockholm&after=1514764800&before=1767139200&size=100&sort=desc&sort_type=created_utc (Caused by NewConnectionError(""HTTPSConnection(host='api.pushshift.io', port=443): Failed to establish a new connection: [WinError 10013] Erişim izinlerince izin verilmeyen bir şekilde bir yuvaya erişilmeye çalışıldı""))"
Dublin,"HTTPSConnectionPool(host='api.pushshift.io', port=443): Max retries exceeded with url: /reddit/search/submission/?q=Dublin&after=1514764800&before=1767139200&size=100&sort=desc&sort_type=created_utc (Caused by NewConnectionError(""HTTPSConnection(host='api.pushshift.io', port=443): Failed to establish a new connection: [WinError 10013] Erişim izinlerince izin verilmeyen bir şekilde bir yuvaya erişilmeye çalışıldı""))"
Brussels,"HTTPSConnectionPool(host='api.pushshift.io', port=443): Max retries exceeded with url: /reddit/search/submission/?q=Brussels&after=1514764800&before=1767139200&size=100&sort=desc&sort_type=created_utc (Caused by NewConnectionError(""HTTPSConnection(host='api.pushshift.io', port=443): Failed to establish a new connection: [WinError 10013] Erişim izinlerince izin verilmeyen bir şekilde bir yuvaya erişilmeye çalışıldı""))"
Warsaw,"HTTPSConnectionPool(host='api.pushshift.io', port=443): Max retries exceeded with url: /reddit/search/submission/?q=Warsaw&after=1514764800&before=1767139200&size=100&sort=desc&sort_type=created_utc (Caused by NewConnectionError(""HTTPSConnection(host='api.pushshift.io', port=443): Failed to establish a new connection: [WinError 10013] Erişim izinlerince izin verilmeyen bir şekilde bir yuvaya erişilmeye çalışıldı""))"
Florence,"HTTPSConnectionPool(host='api.pushshift.io', port=443): Max retries exceeded with url: /reddit/search/submission/?q=Florence&after=1514764800&before=1767139200&size=100&sort=desc&sort_type=created_utc (Caused by NewConnectionError(""HTTPSConnection(host='api.pushshift.io', port=443): Failed to establish a new connection: [WinError 10013] Erişim izinlerince izin verilmeyen bir şekilde bir yuvaya erişilmeye çalışıldı""))"
Venice,"HTTPSConnectionPool(host='api.pushshift.io', port=443): Max retries exceeded with url: /reddit/search/submission/?q=Venice&after=1514764800&before=1767139200&size=100&sort=desc&sort_type=created_utc (Caused by NewConnectionError(""HTTPSConnection(host='api.pushshift.io', port=443): Failed to establish a new connection: [WinError 10013] Erişim izinlerince izin verilmeyen bir şekilde bir yuvaya erişilmeye çalışıldı""))"
